membership_id,name,first_name,last_name,email,date_of_birth,dob_final_str,mobile_no,above_18
wilson_6845c,Aaron Wilson,Aaron,Wilson,Aaron_Wilson@burke-benton.net,17-05-1987,19870517,75053391,True
lee_d3d5c,Samuel Lee,Samuel,Lee,Samuel_Lee@gardner-rodriguez.net,1974/09/02,19740902,57636831,True
weaver_feb81,Jennifer Weaver,Jennifer,Weaver,Jennifer_Weaver@patterson.com,15-10-1978,19781015,74152151,True
hamilton_f2276,Leonard Hamilton,Leonard,Hamilton,Leonard_Hamilton@brown.com,1988-02-29,19880229,76082775,True
phillips_608c9,Kathy Phillips,Kathy,Phillips,Kathy_Phillips@floyd.com,16-12-1984,19841216,57829247,True
jimenez_5ed59,Jennifer Jimenez,Jennifer,Jimenez,Jennifer_Jimenez@morgan.com,1992-11-21,19921121,59592559,True
lawson_6d37f,Victoria Lawson,Victoria,Lawson,Victoria_Lawson@snyder.com,12-04-1954,19540412,24045823,True
martinez_bc0fc,Michael Martinez,Michael,Martinez,Michael_Martinez@hogan.net,1952/11/07,19521107,40271975,True
jones_f903f,Dr. Paul Jones,Paul,Jones,Paul_Jones@clark-irwin.com,1994/02/15,19940215,91301999,True
tran_40aaa,Danielle Tran,Danielle,Tran,Danielle_Tran@mann.com,1988-08-26,19880826,85246679,True
freeman_35a3d,Jeff Freeman,Jeff,Freeman,Jeff_Freeman@guzman.com,20-05-2003,20030520,13590655,True
jones_cdd9f,Marissa Jones,Marissa,Jones,Marissa_Jones@lewis.net,1958/08/06,19580806,32094119,True
roy_57ef7,Elijah Roy,Elijah,Roy,Elijah_Roy@jones-baldwin.com,1987/07/05,19870705,57159015,True
simpson_7383f,Courtney Simpson,Courtney,Simpson,Courtney_Simpson@preston-cantrell.com,1973-11-03,19731103,77314887,True
hopkins_56d12,Kimberly Hopkins,Kimberly,Hopkins,Kimberly_Hopkins@adams.com,1993-10-22,19931022,67364511,True
king_4ae33,William King,William,King,William_King@cline-allen.com,15-11-1984,19841115,21561215,True
robertson_e101e,Stephanie Robertson,Stephanie,Robertson,Stephanie_Robertson@owen-rodriguez.com,08-05-2002,20020508,75259367,True
hill_bd6cc,Rickey Hill,Rickey,Hill,Rickey_Hill@parker-cohen.com,1964-04-30,19640430,56465207,True
stewart_40f40,Erika Stewart,Erika,Stewart,Erika_Stewart@solis.com,26-12-1985,19851226,83552695,True
johnson_5dcd5,Christina Johnson,Christina,Johnson,Christina_Johnson@clark.com,22-06-2001,20010622,30262983,True
wells_5c2c0,Kelli Wells,Kelli,Wells,Kelli_Wells@jones.com,1954-03-08,19540308,27406215,True
archer_c6232,Nathan Archer,Nathan,Archer,Nathan_Archer@gray.com,1956/07/23,19560723,72954367,True
kline_6fe75,Michael Kline,Michael,Kline,Michael_Kline@phelps-alvarez.com,23-06-1965,19650623,20968343,True
rodriguez_1eec6,Joshua Rodriguez,Joshua,Rodriguez,Joshua_Rodriguez@thornton-benitez.com,1953/03/17,19530317,27953967,True
rodriguez_a7ea3,James Rodriguez,James,Rodriguez,James_Rodriguez@logan.com,1981/07/17,19810717,50981423,True
ortega_7f647,Robert Ortega,Robert,Ortega,Robert_Ortega@perez.com,16-03-1960,19600316,57040695,True
ruiz_e89df,Teresa Ruiz,Teresa,Ruiz,Teresa_Ruiz@holmes.com,1951/09/04,19510904,22432447,True
mejia_10b0a,Madison Mejia,Madison,Mejia,Madison_Mejia@sims.com,1953-03-23,19530323,73824679,True
bailey_6dd20,James Bailey,James,Bailey,James_Bailey@flynn.net,10-07-1986,19860710,26146743,True
perry_e8625,Mary Perry,Mary,Perry,Mary_Perry@williams.net,1973-08-08,19730808,57879711,True
jones_85733,Crystal Jones,Crystal,Jones,Crystal_Jones@webb.com,14-09-1962,19620914,39588047,True
brown_9035e,Aaron Brown,Aaron,Brown,Aaron_Brown@yates.com,1986-05-02,19860502,43815191,True
barajas_c09f8,Tanya Barajas,Tanya,Barajas,Tanya_Barajas@davis.com,1974-04-30,19740430,92793871,True
rasmussen_0fcc4,Samantha Rasmussen,Samantha,Rasmussen,Samantha_Rasmussen@stokes-leon.com,21-06-1994,19940621,26634223,True
martin_92713,Vincent Martin,Vincent,Martin,Vincent_Martin@wright-lee.com,1984/01/24,19840124,55457087,True
crawford_a2a35,Tony Crawford,Tony,Crawford,Tony_Crawford@moore.com,1987/08/18,19870818,15997263,True
sullivan_7d828,Randy Sullivan,Randy,Sullivan,Randy_Sullivan@perez.net,1961-10-25,19611025,15665967,True
thompson_5e06b,Kimberly Thompson,Kimberly,Thompson,Kimberly_Thompson@brewer-walters.net,12-11-2000,20001112,88531623,True
compton_395a9,Martin Compton,Martin,Compton,Martin_Compton@morgan.com,1984-06-02,19840602,42037887,True
brown_8baf8,Tracy Brown,Tracy,Brown,Tracy_Brown@joyce.com,1972-08-23,19720823,26044711,True
preston_b78bc,Leslie Preston,Leslie,Preston,Leslie_Preston@johns.com,05-10-1972,19721005,71892959,True
parker_311d6,Jay Parker,Jay,Parker,Jay_Parker@fowler.net,30-09-1993,19930930,57583783,True
williams_44d67,Lance Williams,Lance,Williams,Lance_Williams@williams.net,1973-08-07,19730807,19310567,True
allen_b02ca,Kathleen Allen,Kathleen,Allen,Kathleen_Allen@cook.com,1986/01/13,19860113,38829559,True
lamb_5dc6d,Marie Lamb,Marie,Lamb,Marie_Lamb@hampton.com,1979-04-10,19790410,26841263,True
flores_b1169,Nathan Flores,Nathan,Flores,Nathan_Flores@gibbs.net,04-09-1979,19790904,86883135,True
caldwell_aa013,Ashley Caldwell,Ashley,Caldwell,Ashley_Caldwell@mason-bryant.com,1988/09/03,19880903,13420663,True
martin_caab2,Renee Martin,Renee,Martin,Renee_Martin@crawford-walker.com,21-04-1981,19810421,55803823,True
parker_0793e,Keith Parker,Keith,Parker,Keith_Parker@moore.com,1964-08-26,19640826,40120471,True
levy_bef91,Melissa Levy,Melissa,Levy,Melissa_Levy@arroyo.com,1950/03/30,19500330,51842935,True
powell_fe4b6,Brandon Powell,Brandon,Powell,Brandon_Powell@craig-gonzales.net,06-06-1976,19760606,43375815,True
stone_1d9aa,Kimberly Stone,Kimberly,Stone,Kimberly_Stone@murphy-bryant.com,1994-05-12,19940512,25323999,True
jones_575ba,Adam Jones,Adam,Jones,Adam_Jones@ashley.com,16-03-1973,19730316,55082935,True
andersen_61066,Elizabeth Andersen,Elizabeth,Andersen,Elizabeth_Andersen@baker.com,23-01-1974,19740123,69096535,True
lutz_6aa1c,Destiny Lutz,Destiny,Lutz,Destiny_Lutz@thompson-wright.com,04-12-1994,19941204,87853607,True
allen_54dd1,Brandy Allen,Brandy,Allen,Brandy_Allen@hardy-griffin.com,1981-01-13,19810113,92130799,True
decker_0c2ca,Stephanie Decker,Stephanie,Decker,Stephanie_Decker@barrett.net,1977-09-05,19770905,92626639,True
keller_86f7a,Michelle Keller,Michelle,Keller,Michelle_Keller@johnson.com,06-07-1951,19510706,56139711,True
yates_d9866,Stacey Yates,Stacey,Yates,Stacey_Yates@lewis.com,12-08-1992,19920812,30115967,True
lee_f9df7,Sue Lee,Sue,Lee,Sue_Lee@rojas.com,1986/08/29,19860829,97367575,True
long_850ab,Anna Long,Anna,Long,Anna_Long@coleman.com,1974/03/16,19740316,52566967,True
watson_6dc0c,Annette Watson,Annette,Watson,Annette_Watson@brown-brennan.com,1958/04/23,19580423,67851175,True
thomas_6cc50,James Thomas,James,Thomas,James_Thomas@torres.net,1952/05/09,19520509,58718239,True
olson_50aa7,Kelli Olson,Kelli,Olson,Kelli_Olson@campbell.net,1996-07-23,19960723,50265023,True
reid_1bdd4,Becky Reid,Becky,Reid,Becky_Reid@vargas.net,1975/10/27,19751027,37025287,True
shaw_afe1c,Wesley Shaw,Wesley,Shaw,Wesley_Shaw@henderson-gibson.com,1983-01-21,19830121,76819471,True
boyd_94bd7,Pamela Boyd,Pamela,Boyd,Pamela_Boyd@freeman.com,1968/06/28,19680628,25030751,True
lewis_644d9,Jeremy Lewis,Jeremy,Lewis,Jeremy_Lewis@murray.com,1953-01-07,19530107,44159519,True
garza_be6d1,Jennifer Garza,Jennifer,Garza,Jennifer_Garza@herrera-klein.com,1989-06-03,19890603,31999455,True
perry_b530f,Joseph Perry,Joseph,Perry,Joseph_Perry@tucker.com,1951-06-16,19510616,16254071,True
herman_0ab62,Heather Herman,Heather,Herman,Heather_Herman@williams-lindsey.com,1971/06/06,19710606,97877423,True
lopez_ea347,Laura Lopez,Laura,Lopez,Laura_Lopez@rodriguez.com,1990/12/21,19901221,72627367,True
barnes_f462c,Reginald Barnes,Reginald,Barnes,Reginald_Barnes@walker-robinson.com,1973-02-14,19730214,19884399,True
weaver_201e1,Robert Weaver,Robert,Weaver,Robert_Weaver@young-leonard.com,18-02-1982,19820218,39131199,True
martinez_204f4,Beth Martinez,Beth,Martinez,Beth_Martinez@johnson.com,1968-12-25,19681225,87909191,True
ware_0b5e6,Spencer Ware,Spencer,Ware,Spencer_Ware@montgomery-lane.com,1980/10/09,19801009,74599951,True
erickson_3df9d,Willie Erickson,Willie,Erickson,Willie_Erickson@bartlett.com,1991/01/10,19910110,53673855,True
nguyen_6a5e7,Daniel Nguyen,Daniel,Nguyen,Daniel_Nguyen@mccall.com,1959/09/03,19590903,37673823,True
martinez_7564a,Leonard Martinez,Leonard,Martinez,Leonard_Martinez@mcbride.com,1956-09-22,19560922,14452319,True
stephens_5a6e3,Robert Stephens,Robert,Stephens,Robert_Stephens@lopez.com,19-06-2000,20000619,92784815,True
chen_7d3b1,Daniel Chen,Daniel,Chen,Daniel_Chen@little.com,1952/07/16,19520716,46750383,True
dalton_32ce4,Samuel Dalton,Samuel,Dalton,Samuel_Dalton@marquez.com,1996-09-16,19960916,75194711,True
bennett_dcbc8,Heather Bennett,Heather,Bennett,Heather_Bennett@hamilton-blair.com,2002/01/05,20020105,64795847,True
king_f3369,Joshua King,Joshua,King,Joshua_King@hale.net,01-06-2000,20000601,99342223,True
blake_e7660,Crystal Blake,Crystal,Blake,Crystal_Blake@parker.com,17-11-1970,19701117,97878511,True
evans_62a52,Amanda Evans,Amanda,Evans,Amanda_Evans@cox.com,1959-02-24,19590224,92559519,True
day_69b70,Sergio Day,Sergio,Day,Sergio_Day@guzman-garrett.com,1951-05-31,19510531,27091295,True
boyd_9e514,Julie Boyd,Julie,Boyd,Julie_Boyd@white-george.com,1969-09-06,19690906,47949079,True
watkins_c9964,Logan Watkins,Logan,Watkins,Logan_Watkins@hernandez.com,2000-05-11,20000511,87081215,True
ortiz_8f14e,Steven Ortiz,Steven,Ortiz,Steven_Ortiz@hamilton.com,06-05-1967,19670506,15073183,True
marquez_7aa36,Lisa Marquez,Lisa,Marquez,Lisa_Marquez@day-smith.com,1971/03/26,19710326,18443671,True
martin_82381,Jennifer Martin,Jennifer,Martin,Jennifer_Martin@moore.com,1983-05-27,19830527,83212175,True
chandler_4ab75,Arthur Chandler,Arthur,Chandler,Arthur_Chandler@martin.com,1961-02-10,19610210,18438007,True
hudson_31f1d,Ronald Hudson,Ronald,Hudson,Ronald_Hudson@carson.com,10-03-1951,19510310,66192423,True
lee_f2321,Jennifer Lee,Jennifer,Lee,Jennifer_Lee@guerra-lopez.com,01-04-1950,19500401,35305031,True
yoder_70108,Gregory Yoder,Gregory,Yoder,Gregory_Yoder@robinson-johnson.com,20-06-1953,19530620,75705319,True
harmon_69598,Carolyn Harmon,Carolyn,Harmon,Carolyn_Harmon@watts-horn.com,1998-01-24,19980124,55977599,True
harrell_7257b,Dr. Christopher Harrell,Christopher,Harrell,Christopher_Harrell@lindsey.com,1970-06-30,19700630,52999479,True
johnson_a67f3,Kevin Johnson,Kevin,Johnson,Kevin_Johnson@rogers.com,1993/08/02,19930802,15154639,True
harrison_087c8,Michael Harrison,Michael,Harrison,Michael_Harrison@franklin.com,19-08-1951,19510819,29087871,True
moore_c62aa,Terry Moore,Terry,Moore,Terry_Moore@barker-ayers.com,15-06-1987,19870615,19828167,True
rogers_656af,James Rogers,James,Rogers,James_Rogers@green.net,1993/07/04,19930704,65821255,True
tran_b0eca,Kathleen Tran,Kathleen,Tran,Kathleen_Tran@wilson.net,1974-02-11,19740211,20044927,True
conway_ae427,Jacqueline Conway,Jacqueline,Conway,Jacqueline_Conway@robinson-carson.com,1971/06/17,19710617,91842383,True
cole_92aa4,Maxwell Cole,Maxwell,Cole,Maxwell_Cole@larson.com,1951-02-03,19510203,41796463,True
williamson_2b72a,Bethany Williamson,Bethany,Williamson,Bethany_Williamson@flores.com,1954/03/10,19540310,40227935,True
wright_f1b73,Joseph Wright,Joseph,Wright,Joseph_Wright@powell.net,1957-05-21,19570521,40768583,True
bolton_06e0a,Heidi Bolton,Heidi,Bolton,Heidi_Bolton@spencer.com,1956-06-16,19560616,58079023,True
lewis_e0082,Daniel Lewis,Daniel,Lewis,Daniel_Lewis@robertson.com,1977/02/05,19770205,48084439,True
ramirez_63293,Dale Ramirez,Dale,Ramirez,Dale_Ramirez@patton.com,23-03-1955,19550323,59875791,True
sharp_19bdd,Carol Sharp,Carol,Sharp,Carol_Sharp@garcia-lamb.com,03-12-1975,19751203,18014567,True
buck_542b9,Joseph Buck,Joseph,Buck,Joseph_Buck@jacobs.com,1952/03/11,19520311,34270063,True
anderson_542fb,Lynn Anderson,Lynn,Anderson,Lynn_Anderson@williams-carter.com,13-01-1996,19960113,75488911,True
harris_526ca,Sarah Harris,Sarah,Harris,Sarah_Harris@thomas-sanchez.com,2001-05-30,20010530,52442775,True
owens_620f1,Victor Owens,Victor,Owens,Victor_Owens@collins.com,1996-08-15,19960815,53064383,True
koch_43971,Kimberly Koch,Kimberly,Koch,Kimberly_Koch@rodriguez.net,25-01-1987,19870125,35893839,True
obrien_00e34,Allison Obrien,Allison,Obrien,Allison_Obrien@bailey-sanders.com,1962/04/23,19620423,81154631,True
rogers_83dc9,John Rogers,John,Rogers,John_Rogers@oneill.com,09-05-1971,19710509,21046575,True
collins_120bd,Janet Collins,Janet,Collins,Janet_Collins@farrell.com,1984-07-21,19840721,89424095,True
lawson_a0aec,Kristin Lawson,Kristin,Lawson,Kristin_Lawson@salinas.com,01-11-1976,19761101,36661711,True
castaneda_7660a,James Castaneda,James,Castaneda,James_Castaneda@miller-hart.com,26-01-1964,19640126,64715807,True
ortiz_66abd,Robert Ortiz,Robert,Ortiz,Robert_Ortiz@saunders-hunter.com,1976/11/08,19761108,80296223,True
harper_709ac,Connie Harper,Connie,Harper,Connie_Harper@lewis.com,1995/06/27,19950627,21369119,True
burns_f2b3a,Debbie Burns,Debbie,Burns,Debbie_Burns@salinas.com,1983/08/06,19830806,95570935,True
preston_b6298,Gabriel Preston,Gabriel,Preston,Gabriel_Preston@black.com,20-11-1996,19961120,88336263,True
orozco_02d2b,Brandon Orozco,Brandon,Orozco,Brandon_Orozco@greene.com,1987-07-17,19870717,59988495,True
nguyen_6f546,Kari Nguyen,Kari,Nguyen,Kari_Nguyen@farley.com,19-11-1999,19991119,47980591,True
hill_2c87a,Brittany Hill,Brittany,Hill,Brittany_Hill@rogers-hoffman.com,1987-06-05,19870605,90817791,True
martinez_a7c33,Carrie Martinez,Carrie,Martinez,Carrie_Martinez@hendrix.com,1974/01/24,19740124,96107743,True
white_e9960,Linda White,Linda,White,Linda_White@moore.com,1975/10/15,19751015,84876711,True
spencer_c21d7,Jake Spencer,Jake,Spencer,Jake_Spencer@murphy.com,2002-05-09,20020509,53533879,True
chan_f9d1e,Joseph Chan,Joseph,Chan,Joseph_Chan@hutchinson-gutierrez.com,1966/09/22,19660922,19544079,True
ali_a2746,Kathleen Ali,Kathleen,Ali,Kathleen_Ali@horn-rogers.com,1996-06-02,19960602,45338687,True
stephens_baaae,Danielle Stephens,Danielle,Stephens,Danielle_Stephens@miller.net,1961/09/29,19610929,16838823,True
schaefer_ff120,Brianna Schaefer,Brianna,Schaefer,Brianna_Schaefer@nelson-mcmahon.com,12-03-1976,19760312,34700887,True
morris_d143a,Angela Morris,Angela,Morris,Angela_Morris@murray.com,07-02-1976,19760207,89409391,True
smith_69b70,Jessica Smith,Jessica,Smith,Jessica_Smith@walsh-steele.com,31-05-1951,19510531,97984639,True
long_f0fca,Brenda Long,Brenda,Long,Brenda_Long@carter.net,1951/09/14,19510914,45992583,True
taylor_7a3e1,Megan Taylor,Megan,Taylor,Megan_Taylor@montgomery.com,05-10-1993,19931005,12610975,True
morales_3cabc,Kelly Morales,Kelly,Morales,Kelly_Morales@sanchez.com,27-02-1980,19800227,44799815,True
johnson_5c594,Sheri Johnson,Sheri,Johnson,Sheri_Johnson@lucas.com,1988/04/22,19880422,34118127,True
pacheco_7ccf5,Lori Pacheco,Lori,Pacheco,Lori_Pacheco@ayala.com,1962-06-30,19620630,94662495,True
schmidt_be25c,Sandra Schmidt,Sandra,Schmidt,Sandra_Schmidt@herrera.com,1959/07/11,19590711,50638143,True
hill_bc827,Ms. Rachel Hill,Rachel,Hill,Rachel_Hill@gutierrez.com,12-02-1954,19540212,55824367,True
case_1fe51,Emily Case,Emily,Case,Emily_Case@lewis.com,1985/05/08,19850508,90216215,True
alvarez_f00bd,Seth Alvarez,Seth,Alvarez,Seth_Alvarez@conrad.com,01-08-1980,19800801,90929927,True
reyes_0a636,Jose Reyes,Jose,Reyes,Jose_Reyes@garcia.com,1970-09-29,19700929,94563263,True
le_44e84,Zachary Le,Zachary,Le,Zachary_Le@whitaker.com,1985-10-28,19851028,56441999,True
anthony_91ec3,Rhonda Anthony,Rhonda,Anthony,Rhonda_Anthony@lawson.com,1974-09-15,19740915,12850551,True
hill_0d4d9,Joseph Hill,Joseph,Hill,Joseph_Hill@rodriguez-newton.com,2002-09-23,20020923,89902687,True
davis_dbcb2,Erin Davis,Erin,Davis,Erin_Davis@sanchez.net,1960-09-17,19600917,22992863,True
brown_1ebf8,Lucas Brown,Lucas,Brown,Lucas_Brown@miller.com,1989/11/01,19891101,34675679,True
garcia_72e9b,William Garcia,William,Garcia,William_Garcia@powell.com,1985-09-12,19850912,25729991,True
swanson_b3ea5,Lauren Swanson,Lauren,Swanson,Lauren_Swanson@pena-pierce.com,21-09-1961,19610921,85204407,True
frank_4dfb9,John Frank,John,Frank,John_Frank@martin.com,1950/05/19,19500519,42691023,True
schmidt_54bf2,Nicole Schmidt,Nicole,Schmidt,Nicole_Schmidt@stephens.com,1965-11-09,19651109,86157423,True
gray_15cd6,Nathan Gray,Nathan,Gray,Nathan_Gray@scott-gonzalez.com,1996-06-18,19960618,48983767,True
delgado_f68ba,Nichole Delgado,Nichole,Delgado,Nichole_Delgado@dixon-cruz.com,1972-03-05,19720305,60338223,True
rodriguez_3a35b,Marcus Rodriguez,Marcus,Rodriguez,Marcus_Rodriguez@jones.com,1969/05/11,19690511,23424599,True
solomon_23bae,Samuel Solomon,Samuel,Solomon,Samuel_Solomon@wolf.net,30-12-1987,19871230,26166751,True
miller_5c2c0,Katrina Miller,Katrina,Miller,Katrina_Miller@grimes.com,1954-03-08,19540308,81240247,True
conner_71970,Raymond Conner,Raymond,Conner,Raymond_Conner@oneal-johnson.com,28-01-1997,19970128,95736583,True
fuller_9068b,Lori Fuller,Lori,Fuller,Lori_Fuller@gordon.com,1968-01-01,19680101,54288255,True
wilson_da57e,Corey Wilson,Corey,Wilson,Corey_Wilson@hoover-hernandez.com,1953/10/11,19531011,39467535,True
james_e7a3a,Holly James,Holly,James,Holly_James@macdonald.com,1964/11/04,19641104,62732175,True
mccarty_a4b9d,Alicia Mccarty,Alicia,Mccarty,Alicia_Mccarty@beasley.com,16-09-1982,19820916,57669519,True
christian_90eb3,Zoe Christian,Zoe,Christian,Zoe_Christian@grant.com,19-03-1999,19990319,22170983,True
watson_61db6,Nicholas Watson,Nicholas,Watson,Nicholas_Watson@williams.com,1962-04-03,19620403,72181751,True
wood_67f27,Victoria Wood,Victoria,Wood,Victoria_Wood@proctor-baker.com,1991-06-22,19910622,13955959,True
knight_10192,Jillian Knight,Jillian,Knight,Jillian_Knight@davenport.com,1988-11-08,19881108,20417711,True
fisher_27703,Ryan Fisher,Ryan,Fisher,Ryan_Fisher@fletcher.com,30-10-1987,19871030,63505855,True
howe_80a05,Stephanie Howe,Stephanie,Howe,Stephanie_Howe@allen.com,09-05-1963,19630509,37283343,True
kim_c0e4a,Kenneth Kim,Kenneth,Kim,Kenneth_Kim@duran.com,05-05-1999,19990505,37818767,True
macias_a4116,Andrew Macias,Andrew,Macias,Andrew_Macias@douglas.com,1966-10-13,19661013,28232535,True
huffman_fb25a,Elizabeth Huffman,Elizabeth,Huffman,Elizabeth_Huffman@zamora.com,1958/09/18,19580918,15486151,True
stone_9ab9f,Christina Stone,Christina,Stone,Christina_Stone@medina.com,1993-03-20,19930320,34449775,True
merritt_696fd,Alexander Merritt,Alexander,Merritt,Alexander_Merritt@butler.net,13-09-1980,19800913,33574735,True
sanders_e9c2f,Kelly Sanders,Kelly,Sanders,Kelly_Sanders@coleman.com,1952-04-13,19520413,29703695,True
jones_fae51,Matthew Jones,Matthew,Jones,Matthew_Jones@arnold.com,2000/06/15,20000615,98616991,True
david_39e9f,Sarah David,Sarah,David,Sarah_David@collier.net,1998-12-16,19981216,97218247,True
barajas_62836,Carmen Barajas,Carmen,Barajas,Carmen_Barajas@smith.com,1981-05-26,19810526,34685455,True
johnson_5dcba,Angela Johnson,Angela,Johnson,Angela_Johnson@stewart.com,27-08-1984,19840827,62439103,True
sparks_a67f3,Melissa Sparks,Melissa,Sparks,Melissa_Sparks@sanchez-stevenson.com,1993/08/02,19930802,27530863,True
hill_e971e,Katherine Hill,Katherine,Hill,Katherine_Hill@tran.com,1983/09/18,19830918,37709951,True
hart_3b264,Kristin Hart,Kristin,Hart,Kristin_Hart@ortega.com,17-12-1966,19661217,36255543,True
ho_73551,Jacqueline Ho,Jacqueline,Ho,Jacqueline_Ho@henry.com,31-01-1961,19610131,75359367,True
knight_d46f2,Michael Knight,Michael,Knight,Michael_Knight@davidson.com,04-08-1987,19870804,71412263,True
arroyo_44022,Heather Arroyo,Heather,Arroyo,Heather_Arroyo@martinez.com,1979/07/09,19790709,36165719,True
larson_06714,Lori Larson,Lori,Larson,Lori_Larson@flowers.com,1963-08-07,19630807,38397103,True
vazquez_73e4f,David Vazquez,David,Vazquez,David_Vazquez@davila-beck.com,06-12-1990,19901206,57160871,True
hicks_5e5f2,Sherry Hicks,Sherry,Hicks,Sherry_Hicks@stout-nicholson.com,27-11-1961,19611127,12514111,True
davila_1977b,Sarah Davila,Sarah,Davila,Sarah_Davila@nash.com,1979/09/06,19790906,46685303,True
oneill_7278c,Karen Oneill,Karen,Oneill,Karen_Oneill@gomez.com,1992/10/04,19921004,72265879,True
mills_f511a,Nicholas Mills,Nicholas,Mills,Nicholas_Mills@williams.com,1963-10-01,19631001,68844231,True
montgomery_1a334,Jennifer Montgomery,Jennifer,Montgomery,Jennifer_Montgomery@estrada-cole.com,1971/07/15,19710715,53834071,True
bailey_13beb,Cynthia Bailey,Cynthia,Bailey,Cynthia_Bailey@oneill.com,1979-08-25,19790825,48942719,True
wright_fefcf,John Wright,John,Wright,John_Wright@harris.com,1983/10/19,19831019,96650335,True
brown_565a7,Sheila Brown,Sheila,Brown,Sheila_Brown@stevens-edwards.com,1982-11-28,19821128,32490999,True
moore_a6529,Lisa Moore,Lisa,Moore,Lisa_Moore@ramos.com,19-11-1994,19941119,99493567,True
newman_15a27,Julian Newman,Julian,Newman,Julian_Newman@haynes.com,1958-03-13,19580313,49873159,True
ferguson_fb458,Thomas Ferguson,Thomas,Ferguson,Thomas_Ferguson@guzman.com,1959/12/13,19591213,28787319,True
rodriguez_a9b99,Lauren Rodriguez,Lauren,Rodriguez,Lauren_Rodriguez@soto.com,1993/10/16,19931016,27106623,True
anderson_76323,Richard Anderson,Richard,Anderson,Richard_Anderson@white.com,06-07-1958,19580706,66751511,True
lee_7f12f,Jessica Lee,Jessica,Lee,Jessica_Lee@brown-baxter.com,1967/01/24,19670124,89410823,True
allen_7a4f2,Martin Allen,Martin,Allen,Martin_Allen@steele.com,24-09-2002,20020924,99969439,True
mitchell_06d3f,Angela Mitchell,Angela,Mitchell,Angela_Mitchell@moreno-evans.com,1969-01-05,19690105,50190223,True
sanchez_9f266,Derrick Sanchez,Derrick,Sanchez,Derrick_Sanchez@mitchell.com,1970/04/24,19700424,97980535,True
ellis_b9ff0,Christine Ellis,Christine,Ellis,Christine_Ellis@blackwell.com,1998/06/17,19980617,69393823,True
salinas_4cb46,Alyssa Salinas,Alyssa,Salinas,Alyssa_Salinas@robbins.com,07-10-1998,19981007,41363847,True
walsh_8cd29,Mr. Kevin Walsh,Kevin,Walsh,Kevin_Walsh@hamilton.net,1992/08/05,19920805,63251375,True
knox_d64ed,Kenneth Knox,Kenneth,Knox,Kenneth_Knox@zamora.com,1999-06-26,19990626,47904991,True
mitchell_1bdd4,Steve Mitchell,Steve,Mitchell,Steve_Mitchell@adkins-russell.com,27-10-1975,19751027,98789479,True
hendricks_a352c,Craig Hendricks,Craig,Hendricks,Craig_Hendricks@garcia-higgins.com,1995/10/18,19951018,51721063,True
kerr_a02d8,Ricky Kerr,Ricky,Kerr,Ricky_Kerr@gonzalez-martinez.com,25-06-1951,19510625,43238807,True
aguilar_d3661,Gloria Aguilar,Gloria,Aguilar,Gloria_Aguilar@dorsey-donaldson.com,1969-06-06,19690606,69773231,True
knight_7e064,Alexander Knight,Alexander,Knight,Alexander_Knight@doyle.com,1974-08-12,19740812,41639975,True
cross_36c08,Joseph Cross,Joseph,Cross,Joseph_Cross@mason-shaw.net,1953-01-26,19530126,35750023,True
myers_1466d,Dr. Joel Myers PhD,Joel,Myers,Joel_Myers@smith-willis.net,1972/09/20,19720920,49665991,True
mckee_92c0e,Michael Mckee,Michael,Mckee,Michael_Mckee@gordon.com,2000/09/17,20000917,87409327,True
park_a639e,Roy Park,Roy,Park,Roy_Park@rodriguez-west.com,29-10-1955,19551029,69451423,True
castro_49d90,Jonathan Castro,Jonathan,Castro,Jonathan_Castro@sandoval.com,1970-04-09,19700409,95059239,True
carroll_78391,Richard Carroll,Richard,Carroll,Richard_Carroll@massey-gardner.com,26-05-1961,19610526,61422551,True
fletcher_e6fff,Michelle Fletcher,Michelle,Fletcher,Michelle_Fletcher@anderson.com,1983-10-24,19831024,15665159,True
murphy_ecd95,Carol Murphy,Carol,Murphy,Carol_Murphy@lowe.com,1964/03/17,19640317,54241135,True
russell_203e4,Michael Russell,Michael,Russell,Michael_Russell@orozco.com,1968-03-08,19680308,24280095,True
andrews_776f9,Shawna Andrews,Shawna,Andrews,Shawna_Andrews@freeman.com,15-11-1998,19981115,12022295,True
hernandez_3d7b1,Dana Hernandez,Dana,Hernandez,Dana_Hernandez@jackson.com,1994-01-26,19940126,50236391,True
harris_e20bd,Lauren Harris,Lauren,Harris,Lauren_Harris@long.com,1978-08-11,19780811,42605007,True
morales_867f3,Sean Morales,Sean,Morales,Sean_Morales@molina.com,2003/09/20,20030920,50605207,True
mendoza_fa60d,John Mendoza,John,Mendoza,John_Mendoza@mahoney.com,19-05-1985,19850519,85845135,True
mcdaniel_4de3f,Sierra Mcdaniel,Sierra,Mcdaniel,Sierra_Mcdaniel@mata.com,13-07-2003,20030713,77274903,True
smith_85c0b,Wendy Smith,Wendy,Smith,Wendy_Smith@smith-webb.com,28-01-1970,19700128,60349279,True
diaz_0bd1d,Leslie Diaz,Leslie,Diaz,Leslie_Diaz@thomas-shelton.com,1957-04-30,19570430,57506727,True
snyder_d3f05,Grant Snyder,Grant,Snyder,Grant_Snyder@gonzales.com,1973/10/31,19731031,23872143,True
jenkins_27fe6,Brandi Jenkins,Brandi,Jenkins,Brandi_Jenkins@miller.com,28-12-1965,19651228,79308567,True
haynes_18bc2,Amy Haynes,Amy,Haynes,Amy_Haynes@levy.com,1960-03-14,19600314,41563455,True
roberts_d606a,John Roberts,John,Roberts,John_Roberts@hendricks.com,15-03-1954,19540315,16513279,True
nelson_fde1d,Carrie Nelson,Carrie,Nelson,Carrie_Nelson@archer-murphy.com,1951-06-09,19510609,49242255,True
hood_bb6b9,Jacob Hood,Jacob,Hood,Jacob_Hood@evans.com,1956-02-08,19560208,24204143,True
charles_02485,Tracy Charles,Tracy,Charles,Tracy_Charles@rowe.com,1993/11/08,19931108,62200511,True
johnson_56e3d,Brandon Johnson,Brandon,Johnson,Brandon_Johnson@ramirez.com,10-03-1985,19850310,60862935,True
nelson_f7fc3,Wendy Nelson,Wendy,Nelson,Wendy_Nelson@day.com,1965-01-08,19650108,59119063,True
ramsey_843ef,Jasmine Ramsey,Jasmine,Ramsey,Jasmine_Ramsey@jackson.com,1950/04/07,19500407,16447279,True
beltran_b42ac,William Beltran,William,Beltran,William_Beltran@bean.com,1985/03/13,19850313,16495975,True
stuart_08df4,Gerald Stuart,Gerald,Stuart,Gerald_Stuart@strong.net,08-10-1995,19951008,98421991,True
vaughan_40056,Jacob Vaughan,Jacob,Vaughan,Jacob_Vaughan@martinez.com,1983-09-08,19830908,69615007,True
fuentes_0598c,Matthew Fuentes,Matthew,Fuentes,Matthew_Fuentes@miranda.com,1966/03/29,19660329,33411447,True
carpenter_4acee,April Carpenter,April,Carpenter,April_Carpenter@page.com,29-09-1971,19710929,97274415,True
garcia_d383b,Rachel Garcia,Rachel,Garcia,Rachel_Garcia@neal.com,21-10-1996,19961021,87786127,True
madden_d8100,Patrick Madden,Patrick,Madden,Patrick_Madden@sanders.com,1994/11/01,19941101,35389647,True
myers_96365,Angela Myers,Angela,Myers,Angela_Myers@rodriguez.com,1974/01/26,19740126,59457063,True
baker_726e6,Wayne Baker,Wayne,Baker,Wayne_Baker@brown.com,1967/12/27,19671227,92067207,True
cox_c2d50,Haley Cox,Haley,Cox,Haley_Cox@lewis.com,1964/10/01,19641001,27911351,True
sanders_65a5d,Dan Sanders,Dan,Sanders,Dan_Sanders@klein-hernandez.com,1950-08-13,19500813,30043759,True
fisher_cd40a,Thomas Fisher,Thomas,Fisher,Thomas_Fisher@phillips.com,15-04-1985,19850415,99090999,True
lopez_d2a7d,Taylor Lopez,Taylor,Lopez,Taylor_Lopez@jones-salazar.com,1957/05/22,19570522,17889439,True
macias_b438f,Jeffrey Macias,Jeffrey,Macias,Jeffrey_Macias@cox.com,03-10-1990,19901003,98485783,True
drake_a32f0,Brian Drake,Brian,Drake,Brian_Drake@hurst-price.net,11-02-1962,19620211,83466007,True
jordan_26d57,Timothy Jordan,Timothy,Jordan,Timothy_Jordan@young.com,28-12-1999,19991228,77411263,True
leblanc_25e89,Kathy Leblanc,Kathy,Leblanc,Kathy_Leblanc@warren-gray.com,1981-02-27,19810227,69067343,True
floyd_ee7c0,William Floyd,William,Floyd,William_Floyd@duran.com,1972/07/13,19720713,27758191,True
hayden_44dbe,Angela Hayden,Angela,Hayden,Angela_Hayden@barry.net,23-06-1996,19960623,28574351,True
hodges_c3205,Renee Hodges,Renee,Hodges,Renee_Hodges@hamilton.com,1987/12/28,19871228,63899519,True
miller_b1a7b,Samantha Miller,Samantha,Miller,Samantha_Miller@mcmahon.com,1965/04/06,19650406,41451647,True
orozco_32e5d,Lauren Orozco,Lauren,Orozco,Lauren_Orozco@sanchez.com,26-01-2000,20000126,71540231,True
owen_1c1c8,April Owen,April,Owen,April_Owen@sanchez.com,1967/09/23,19670923,16552967,True
russell_eeae9,Mr. Evan Russell,Evan,Russell,Evan_Russell@ferguson.net,20-01-1959,19590120,75209343,True
castaneda_1e9a5,Brent Castaneda,Brent,Castaneda,Brent_Castaneda@garcia.com,1958/03/07,19580307,80875871,True
peters_62c2d,Gregory Peters,Gregory,Peters,Gregory_Peters@ray.net,1990-09-02,19900902,78256247,True
salazar_8a391,Matthew Salazar,Matthew,Salazar,Matthew_Salazar@jones-jones.com,1999/12/11,19991211,50895327,True
martinez_fa7cb,Natasha Martinez,Natasha,Martinez,Natasha_Martinez@west.com,1968-04-18,19680418,55194439,True
powell_89e26,Charles Powell,Charles,Powell,Charles_Powell@knight.com,1997-09-06,19970906,47215879,True
powell_c3379,Brian Powell,Brian,Powell,Brian_Powell@hernandez.com,15-11-1959,19591115,67153775,True
sandoval_6592d,Laura Sandoval,Laura,Sandoval,Laura_Sandoval@brown.com,13-09-1986,19860913,17475623,True
gonzalez_bc4a4,Mr. Charles Gonzalez,Charles,Gonzalez,Charles_Gonzalez@navarro.com,04-04-1971,19710404,94465511,True
caldwell_92d76,Nicholas Caldwell,Nicholas,Caldwell,Nicholas_Caldwell@hurley-bass.com,1977-07-14,19770714,42525999,True
wyatt_ac546,Brian Wyatt,Brian,Wyatt,Brian_Wyatt@wright-young.com,1958-12-11,19581211,63631399,True
garcia_a540e,Ryan Garcia,Ryan,Garcia,Ryan_Garcia@vazquez-wells.com,1993/08/15,19930815,26856535,True
anderson_a86c0,Megan Anderson,Megan,Anderson,Megan_Anderson@wilson-murillo.com,1970-07-29,19700729,21736903,True
hughes_5403f,Pamela Hughes,Pamela,Hughes,Pamela_Hughes@charles-costa.com,1987-06-13,19870613,40181295,True
scott_af31d,Tiffany Scott,Tiffany,Scott,Tiffany_Scott@davis.com,1986-11-10,19861110,76272207,True
conway_b17c3,Stanley Conway,Stanley,Conway,Stanley_Conway@adams.com,1985/09/05,19850905,71853567,True
petty_89b4f,Yolanda Petty,Yolanda,Petty,Yolanda_Petty@dunlap-brown.com,25-01-1991,19910125,69674519,True
jones_7290c,Tara Jones,Tara,Jones,Tara_Jones@blankenship.net,1985/03/03,19850303,49275455,True
williams_c20d3,George Williams,George,Williams,George_Williams@patton.com,1981/03/19,19810319,69991287,True
allen_8c000,Lori Allen,Lori,Allen,Lori_Allen@valdez-phillips.com,2002-09-16,20020916,28175727,True
kelly_0c61d,Charles Kelly,Charles,Kelly,Charles_Kelly@dalton.com,1969/04/01,19690401,62777351,True
villa_19bdd,Jonathan Villa,Jonathan,Villa,Jonathan_Villa@suarez.com,1975-12-03,19751203,80471287,True
jackson_40b1b,Cindy Jackson,Cindy,Jackson,Cindy_Jackson@garcia-burch.com,1967-07-27,19670727,60954247,True
williams_09feb,Scott Williams,Scott,Williams,Scott_Williams@keller-wong.com,03-08-1980,19800803,85799255,True
hernandez_04544,Dylan Hernandez,Dylan,Hernandez,Dylan_Hernandez@singleton-johnson.com,1995-03-01,19950301,31405951,True
garcia_6967c,Michelle Garcia,Michelle,Garcia,Michelle_Garcia@lynch.com,1980-10-17,19801017,52895823,True
bailey_255ab,Matthew Bailey,Matthew,Bailey,Matthew_Bailey@benjamin.com,28-07-1987,19870728,39436023,True
flynn_066c3,Curtis Flynn,Curtis,Flynn,Curtis_Flynn@cook-drake.com,26-09-1978,19780926,58787463,True
perez_7a5c3,Thomas Perez,Thomas,Perez,Thomas_Perez@greene-lopez.com,1963/02/20,19630220,96377439,True
kline_e724e,Sheri Kline,Sheri,Kline,Sheri_Kline@hinton.com,1994-06-09,19940609,33546343,True
baker_4cd37,Mr. Jeff Baker,Jeff,Baker,Jeff_Baker@bentley.com,24-04-1967,19670424,57871767,True
thomas_2a3b9,Shannon Thomas,Shannon,Thomas,Shannon_Thomas@dawson-alexander.com,1968-09-03,19680903,18892279,True
murray_8d3f7,Jeffrey Murray,Jeffrey,Murray,Jeffrey_Murray@jones.net,21-12-1982,19821221,27473887,True
wagner_83f4e,Kristin Wagner,Kristin,Wagner,Kristin_Wagner@clayton.com,1997/01/29,19970129,66045343,True
shea_abeb3,Nicole Shea,Nicole,Shea,Nicole_Shea@mcclure.com,1956-01-02,19560102,28795599,True
